Source,Section,Question,Answer
General - Help Center,General FAQs,What is JioPay Business?,"îĄ“
î¤µ
JioPay Business is a payment aggregator and gateway provided by Jio Payment Solutions Limited (formerly known as Reliance Payment Solutions Limited), a subsidiary of Reliance Industries Limited. It offers merchants and businesses of all sizes simple and self-service products to accept and process payments online and offline from their customers. JioPay Business supports payments through web, mobile, and Point of Sale (POS) systems, making it convenient for merchants to manage transactions. With JioPay Business, businesses can streamline their payment operations and provide a seamless payment experience to their customers.
What is the purpose of the JioPay Business App?
îĄ”
How can I download the JioPay Business App?
îĄ”
I have forgotten my account password. How can I reset it?
îĄ”
I am unable to login to the App/Dashboard. What can I do?
îĄ”
Why My App is crashing on my Phone?
îĄ”
Where can I see transaction details in the App/Portal?
îĄ”"
General - Help Center,General FAQs,What is the purpose of the JioPay Business App?,"What is JioPay Business?
îĄ”
îĄ“
î¤µ
JioPay Business App is designed for retailers, businessmen or any other service providers to keep track of payments even when on the move. With the JioPay Business app, you can perform payment processing activities like accepting payments, viewing past transactions, issuing refunds, editing your profile and much more.
How can I download the JioPay Business App?
îĄ”
I have forgotten my account password. How can I reset it?
îĄ”
I am unable to login to the App/Dashboard. What can I do?
îĄ”
Why My App is crashing on my Phone?
îĄ”
Where can I see transaction details in the App/Portal?
îĄ”"
General - Help Center,General FAQs,How can I download the JioPay Business App?,"What is JioPay Business?
îĄ”
What is the purpose of the JioPay Business App?
îĄ”
îĄ“
î¤µ
To download the JioPay Business App, follow these steps:
    1. Open the Google Play Store app on your phone.
    2. Search for ""JioPay Business"" and select it.
    3. Tap ""Install"" to download and install the app.
î¤µ
Alternatively, you can download the JioPay Business App directly from https://play.google.com/store/apps/details?id=com.jiopay.business.
î¤µ
Note: The JioPay Business App is available for Android devices on the Google Play Store.
I have forgotten my account password. How can I reset it?
îĄ”
I am unable to login to the App/Dashboard. What can I do?
îĄ”
Why My App is crashing on my Phone?
îĄ”
Where can I see transaction details in the App/Portal?
îĄ”"
General - Help Center,General FAQs,I have forgotten my account password. How can I reset it?,"What is JioPay Business?
îĄ”
What is the purpose of the JioPay Business App?
îĄ”
How can I download the JioPay Business App?
îĄ”
îĄ“
î¤µ
At the time of login to the JioPay Business App/Dashboard, select the 'Forgot password' option and follow the instructions indicated to reset the password.
I am unable to login to the App/Dashboard. What can I do?
îĄ”
Why My App is crashing on my Phone?
îĄ”
Where can I see transaction details in the App/Portal?
îĄ”"
General - Help Center,General FAQs,I am unable to login to the App/Dashboard. What can I do?,"What is JioPay Business?
îĄ”
What is the purpose of the JioPay Business App?
îĄ”
How can I download the JioPay Business App?
îĄ”
I have forgotten my account password. How can I reset it?
îĄ”
îĄ“
î¤µ
If you are unable to log in to the JioPay Business App or Dashboard, you can try the following:
    1.	Check your internet connection: Ensure you have a stable internet connection by switching between Wi-Fi and mobile data.
    2.	Reinstall the app: Uninstall the JioPay Business App and reinstall it to ensure you have the latest version.
    3.	Verify your username and password: Double-check that you are entering the correct credentials. Use the ""Forgot Password"" option if you need to reset your password.
î¤µ
If the login issues persist, kindly contact merchant support at merchant.support@jiopay.in for further assistance.
Why My App is crashing on my Phone?
îĄ”
Where can I see transaction details in the App/Portal?
îĄ”"
General - Help Center,General FAQs,Why My App is crashing on my Phone?,"What is JioPay Business?
îĄ”
What is the purpose of the JioPay Business App?
îĄ”
How can I download the JioPay Business App?
îĄ”
I have forgotten my account password. How can I reset it?
îĄ”
I am unable to login to the App/Dashboard. What can I do?
îĄ”
îĄ“
î¤µ
If the JioPay Business App is crashing on your phone, try the following steps:
    1.	Check your internet connection: Ensure you have a stable internet connection by switching between Wi-Fi and mobile data.
    2.	Delete and reinstall the app: Uninstall the JioPay Business App and reinstall it to get the latest version.
    3.	Check phone software updates: Make sure your phone's software is up to date by checking for available updates.
î¤µ
If the app still crashes, contact merchant.support@jiopay.in for assistance.
Where can I see transaction details in the App/Portal?
îĄ”"
General - Help Center,General FAQs,Where can I see transaction details in the App/Portal?,"What is JioPay Business?
îĄ”
What is the purpose of the JioPay Business App?
îĄ”
How can I download the JioPay Business App?
îĄ”
I have forgotten my account password. How can I reset it?
îĄ”
I am unable to login to the App/Dashboard. What can I do?
îĄ”
Why My App is crashing on my Phone?
îĄ”
îĄ“
î¤µ
Click on the icon in the top right corner of the App/Portal and select 'Transactions' from the option to see the transaction details."
